4.154689369787571973e-01,5.220177296987283944e-01,2.009927494521704272e+00,-9.258484198917947827e-01,-8.740886828178717760e-02,-1.614913813501601680e+00,5.108078098416198864e-01,-1.017782275454969243e-01,1.007586685962198469e+00,-5.574108752091806451e-01
-6.547688518580144779e-01,3.970460922970732720e-01,1.416670660858066366e+00,5.321689794853952729e-03,-3.478203182597411902e-01,2.246065149784828296e+00,-6.562736243804636604e-01,1.618151141703127349e+00,1.135202801102078024e-01,6.770176568474456369e-01
-8.268961707179653953e-01,6.131673581332701684e-01,1.029631956722805830e+00,1.392726387359802143e+00,1.902279818280877555e-01,1.699149266928200452e-01,9.118698278425338977e-01,2.793270720180716093e+00,1.319772372326507570e-01,2.577835007861492667e+00
1.535922465110154844e+00,1.421615541369374291e+00,2.952373460463344923e+00,1.220384338724356255e-01,-4.670506686685038655e-01,8.782212604331965933e-01,1.008029274423943189e+00,2.102620544214663489e+00,1.928159579860488471e+00,1.089547741141443593e+00
1.692864715436637191e+00,2.087705855268749744e+00,1.459023531940837337e+00,1.148945429209647040e+00,8.961037625982802846e-01,3.574089434617123695e-01,3.531795615003133548e+00,6.741525444384492971e-01,1.697316763382981986e+00,3.270162654859178897e-01
3.124502449192578801e-01,-1.249331898444004274e+00,6.006880695317181607e-01,2.531878095459805245e+00,1.770866081046508222e-01,9.210500334428698421e-01,-2.232430576667945310e-01,4.171850791839514239e-01,9.548496565450087514e-01,1.931893456722831637e+00
-2.963483154065982839e-01,-4.828108403190504161e-01,1.148066555453985775e-02,1.139149490950779775e+00,9.939625341555979876e-01,7.392811323097191467e-01,-1.250167759486496832e-01,-8.472298826498614321e-01,7.300508674443022539e-01,8.492974404220573481e-01
-1.496918876447554281e+00,-2.314971944861173025e-01,-9.390493210805330726e-01,4.273612475419288348e-01,4.284361730238099852e-01,-2.067645362633286688e+00,-5.304667003072612852e-01,-5.758831767128222978e-01,-9.835117805188400286e-01,4.693071825899510774e-01
1.317575756440423795e+00,2.804480139569292430e+00,7.746153566533076074e-01,1.531847761199805591e+00,1.424981415569261944e+00,2.228112769693634920e+00,-7.175060654708276253e-02,1.751587236658571634e+00,1.191211140838887683e+00,6.421096045612868508e-01
-9.048344473277017963e-01,6.133852123334653239e-01,-1.738908388014458017e+00,1.810321493101725021e-01,-1.004185280161972171e+00,-1.154550581404299781e+00,1.055863992669454354e-01,-7.591312836854859081e-02,5.203155671805417132e-02,-2.397817044892584515e-01
-4.041815450312020164e-01,1.682850536332052505e+00,1.697097156906184762e-02,6.574797387083205491e-01,-6.326878766630774642e-01,-1.071918781273954041e-01,1.128350406627400160e+00,-1.324715921777330219e-01,8.775993725947273116e-01,9.209854538099010446e-01
-7.257981660489588593e-01,5.683935738395133885e-01,2.191590935835458498e-01,5.842456059256142531e-01,-1.045709991224937019e+00,-1.712879086528861672e+00,7.424780410956340893e-01,1.439309666136819876e+00,1.014141040942133642e+00,-9.068813784070876016e-01
1.162842340124270235e+00,3.679396205680945942e-01,7.197170571267685890e-01,2.403328841887047984e-01,-8.546843724269694853e-01,4.686341648161174156e-01,1.246058645413182564e+00,1.362656823377283999e-01,3.712370416589251265e-01,1.202101651399215987e+00
-8.664850253596114715e-01,-1.206029254248902616e+00,1.045820610136078299e+00,-1.616451295479651717e+00,5.057070094587519105e-01,-4.598945421263716526e-01,1.143603154518900267e+00,2.031262915024734550e+00,-8.434841078679659876e-02,1.444406062754697295e-01
-4.218467804419716582e-01,4.330603889632404502e-01,-9.509826539699108849e-01,1.877435206098003809e-02,3.319537213967558853e-01,1.091000103372926633e+00,-9.147142450554254234e-01,-9.782016100502327616e-01,-1.853531576346211462e+00,1.396409028181798240e+00
-9.426663242806155862e-01,-9.212074849975041002e-02,7.947974228616833114e-01,-4.259607582961825734e-01,-1.635412522688113102e+00,-1.638802567567267943e-01,1.798016719244325268e-01,-6.410236679923804193e-01,-1.096820709859329446e+00,-1.896987596048861358e-01
1.341883717257947195e+00,-2.440549379654003148e-01,7.142980988740792181e-02,-2.034027265164394915e+00,-1.906840205316187919e+00,-6.724047024433477127e-02,-9.833478202008507640e-01,5.204756695160381863e-01,2.186276275251692602e-01,-8.438358908260015223e-01
-9.884347122948643483e-01,-2.191886630466405306e-01,-7.736869022723887879e-01,-1.328552551836389428e+00,-4.039872104249828122e-02,-1.001592455984634533e+00,3.848285707519789045e-01,-3.806999961539923039e-01,7.942458507203223883e-01,1.943438049847313831e+00
1.817942687643473665e+00,-8.797667163886376818e-01,7.741618435961125089e-01,-3.198856188611637341e-01,6.971933296464154495e-01,-5.556614471346410511e-01,3.256976322396701318e-01,1.992851941243379388e+00,4.631241949314910400e-01,-2.469215405748808323e-01
-3.744366065079623995e-01,-3.208043250890822429e-01,2.656547179788347202e-01,8.254304645548957708e-01,1.688025754886697261e-01,-1.351556342521996745e+00,1.296310368559676407e+00,1.635870248149446926e+00,-6.126300242204025803e-01,4.416191558659073868e-01
-1.451740719917381961e+00,-7.844152937556320149e-01,-2.351055309232567003e-01,-2.292928092689945074e-01,-1.543796325731228603e+00,3.642113227348085513e-01,1.099229483492006887e+00,5.590188913295037754e-01,2.244399810639332138e+00,-8.036114842203617714e-01
-6.186818075674646034e-01,-3.649625279390689148e-01,1.877292224959203004e+00,2.622508132949371018e-01,-1.551802394141704733e+00,-4.522076049785303531e-01,6.532230487491744730e-01,5.636375844070238283e-01,7.234760835936024370e-02,2.876094327044763088e-01
2.159115905830639726e+00,2.316458207196602892e+00,2.306724562578141402e+00,1.347984140704752143e+00,1.858575088792395746e+00,7.138951994552474867e-01,9.493885227021228168e-01,-7.087557994814730478e-02,1.433867933471415501e-01,1.876250365488992600e+00
9.345009622955670059e-01,1.172705723935479338e-01,6.092394024412075559e-01,-8.979795447228002825e-01,8.670778036193833582e-01,7.833659698860603315e-01,-5.050733872714097128e-01,-3.383966213242764476e-01,8.655143963027548404e-01,4.670180937538983557e-01
1.055929256492714297e+00,1.743396887714793730e-01,-1.102738790031591865e-01,-2.157302706059848862e+00,-1.453729904233973802e-01,1.237236647879755402e+00,-4.759938069833873353e-01,7.636473715853550059e-01,-4.156964665956980887e-01,4.561609561917072224e-03
1.602272767486467298e-01,-2.156564130431748993e-01,2.774574715780405154e-01,9.391675648896512241e-02,-3.862416638170123595e-01,1.077198181433458801e+00,-2.051561421831251231e+00,1.127442346037294874e+00,-1.114938105926240874e+00,3.260903586032650736e-01
2.874003202431547610e-01,-1.526114796246188510e-01,8.704591447235505985e-02,-9.511814648515599657e-01,1.316204112362802769e+00,-3.484112360373874118e-02,-4.483045379394418606e-01,1.415711672630539375e-01,6.852524279329305079e-01,1.204586716533491808e+00
6.329055770412401749e-01,3.368821986353552622e-02,1.735930514374279532e-01,1.172589930439351447e+00,-7.964642265938849386e-01,-5.039873339626982363e-01,-1.551196534860967535e+00,1.928134102970151753e+00,1.037673215279481420e+00,-1.404115832070857772e+00
-1.459041869083612442e+00,4.582822054997945371e-01,4.535911533710875743e-01,1.735095866369795958e+00,1.354413718855952409e-01,-1.224018974808788185e+00,9.298257784694705652e-01,6.706379095533335777e-01,1.822211528431058269e+00,2.055635554543306931e-01
1.128388058663601479e+00,2.551592058490660619e+00,7.156248651327663524e-01,3.021972999749105160e-01,1.306393650648109972e+00,7.723943450638103281e-01,2.698493746998307241e-01,6.447632013178292709e-01,6.112872603322410114e-01,1.807948331481768367e+00
-5.817097254671770301e-01,1.281631220880799837e+00,-6.035180309882939298e-01,-3.716960453508433293e-01,4.178064302085955917e-01,1.185090827874982627e-01,9.019399718589836690e-01,-1.101112369994027701e-01,-5.289884930767558835e-01,-1.991195789422070872e+00
-1.830149322103445719e+00,6.200900515582622452e-01,-7.970239279958442058e-01,1.192864128683968739e+00,8.198796459636995548e-01,9.594735007353729639e-01,1.382874490537235601e-01,3.709622580119130153e-01,-1.627966732995587806e+00,2.840893391826975964e-02
2.039458133301725873e+00,-4.689081035067652614e-01,2.082895101634281154e-01,3.019314773346053027e+00,-1.115617525525376408e-01,1.674523168587365607e+00,1.326987125798261946e+00,1.955879571887726875e+00,2.028508450263983409e+00,-6.033339236676360517e-01
-4.491030798494217713e-01,-2.866738624604662222e-01,3.606488974936966629e-01,9.536480262139120923e-01,-8.543533791200093042e-01,-3.409304385940714610e-01,-3.784077585015523937e-01,1.096594693348337035e+00,1.617302431707812183e+00,1.930515408752331963e+00
8.832288586954702980e-01,1.176938356086965287e+00,1.240618888246911578e+00,-7.936995340657393427e-01,6.827592781080737971e-01,2.036840000125626382e+00,1.752990913282200136e+00,1.159281652057916112e+00,7.602796786271119878e-01,-1.362051872895140292e+00
3.517030898957510532e-01,4.466259914391702779e+00,9.053540161650723839e-01,3.404924475897938008e-01,1.837862653847684324e+00,8.505374770955775876e-01,-1.537215465091317235e-01,1.244941807632521380e+00,5.483772332437628627e-01,2.982998919911967750e-01
9.620187951123606585e-01,7.853732755549682754e-01,1.793234677807752586e+00,1.771453337957683782e+00,3.426465310571168210e+00,6.829186560884781265e-01,5.921329502216232665e-01,2.124749677167063755e+00,2.073277897034941919e-02,2.651903275865666210e+00
8.006751812278855018e-01,1.486282563419722091e+00,1.959439528463119418e+00,1.796589038624559764e-01,6.489105581998318995e-01,1.933594673698579847e+00,-2.879064311811454502e-01,1.234627918298196736e+00,-1.334472860776729775e-01,1.235072844013032078e+00
9.492747036013122752e-01,5.980157142512203539e-01,1.885091677341495853e+00,-1.415044535000759440e+00,3.573185881851168033e-01,-1.733183309841572761e-01,1.430642573860286260e-01,-3.981631071550798540e-01,2.641367419152501061e-01,9.411367883266549272e-01
1.881669872015692579e+00,1.330885119922978088e+00,2.087102818511451297e+00,1.017888181820596261e+00,2.381961838948147392e+00,1.723284089002027120e+00,1.083577687082711627e+00,-1.385624792286621609e-01,1.022120892664264202e+00,8.482472197334322006e-01
9.438559290930665924e-01,2.267902080929838693e+00,1.647168714645277143e+00,1.654535223497821672e+00,1.393445377996941348e-01,1.488184813355146296e+00,1.163799300505320211e+00,1.842093638488442764e+00,2.040239494190701386e+00,8.441113898287632145e-01
1.587611306126006649e-01,2.090514205544606874e+00,1.632550170149158708e+00,2.257698766447977956e+00,1.206890473695992005e+00,4.266198727638858657e+00,1.682574713533531163e+00,1.476341836154216658e+00,2.231484088234007679e+00,2.038164711924140615e+00
8.451561619139579262e-01,5.354938966419775515e-02,2.903276322661868747e+00,7.292000945506638132e-02,7.925027620943666529e-01,1.031700757794028034e+00,-8.636761523443770017e-02,9.116103104347434982e-01,1.560179421370845976e+00,1.330483791156036544e+00
2.188594670464272696e+00,5.615008563893049143e-01,-1.600255372308785340e-01,8.301223337987397866e-01,1.340257035179031941e+00,1.341274934535395369e+00,1.297492378480314512e+00,5.869643711123075924e-01,6.909613301473346292e-01,1.475806627326468501e+00
5.850927207641503092e-01,1.343220672265526439e+00,6.526907370790717700e-01,5.283275123968589337e-01,5.018878548744887258e-01,9.164690111173012799e-01,8.566917444103709922e-01,4.554166929345192516e-01,6.323959159130578822e-01,-1.090501816039964211e+00
3.413832374886038856e-01,9.415966180534889318e-01,-6.950646574154684121e-01,8.857665107692122008e-01,-4.213946659622185287e-01,1.616421091001597921e+00,2.391953660212199129e+00,9.759933140451145794e-01,1.365633364717087517e+00,8.259651813021491318e-01
1.983990668098653654e+00,3.534974687735074728e+00,1.919386059036260139e+00,1.369486892269324851e+00,7.292258464271497154e-01,4.750008060818942113e-01,1.306747373328606798e+00,1.994863427934113753e-01,1.937438699854870050e+00,1.019188173460927826e+00
1.101227494558563391e+00,1.438645437760201817e+00,1.021531216855268154e+00,3.813847214602535951e-01,1.439663109810351616e+00,2.007706741161175756e+00,4.628157982167305784e-01,4.878096345608090578e-01,1.974243701805737050e+00,1.399726565614700657e-01
7.174414094447877366e-01,-2.455326753531096584e-01,-3.068218306528001649e-01,-3.335631804763603686e-02,2.748466555875212602e+00,6.163005076748390154e-01,1.605038666420157023e+00,-8.546255128850323290e-02,-1.127146185659172684e+00,-6.924451301872084491e-03
2.287828605670751525e+00,-1.780737175127046212e+00,-1.012723960936386947e+00,2.611177635395498520e-01,-1.512976993528194480e+00,8.639193695876953294e-01,1.349116054291346289e+00,2.373287411153016446e+00,-5.591758590352209346e-01,-3.382416472723112633e-01
6.372941758798612577e-01,1.437517717998503697e+00,7.006596662572668333e-01,1.800115123932011230e+00,4.938562279200219285e-01,2.829102236661545255e+00,7.710677573491917514e-01,-4.866753735726001562e-01,-1.118923983986019000e+00,9.770505576486696597e-01
2.611721681748795376e-01,1.623240048129406254e-01,-7.210158434257738502e-01,1.426696052334361475e+00,8.156517674964975928e-01,1.085288068637471515e+00,4.637795976395072683e-01,4.813581093245208331e-01,9.535352575262241448e-01,3.976827371327029681e-01
-4.798424102299427840e-01,-3.075026160247538165e-01,1.183431871122002876e+00,5.276692448004312030e-01,1.401999009965032350e+00,9.316752752806496396e-01,2.439021272117662953e+00,3.067709488544142493e-01,3.321909514491250270e-02,1.869901786712793390e+00
1.153371749472395624e+00,1.794142715421654710e+00,7.402677032907714061e-01,1.275951780444098738e+00,1.539228241274747999e+00,4.365345931546296132e-01,4.889003120351211873e-01,1.577651776877533552e+00,5.287509760869417708e-01,4.291875412522241362e-01
1.667276633497001836e-01,-2.347239228944968836e+00,-2.385455079810608059e-01,5.229945343369338806e-01,4.339790327735997266e-01,-1.416914166976251721e+00,-4.484421113509541312e-01,-4.739210199352578146e-01,-8.088451565373621088e-01,5.282657836813658969e-01
-2.156490751699738695e+00,-1.713595298822376600e+00,-4.840148112813567050e-01,6.767868427632194317e-01,-2.297677334640218505e-01,1.999519586150357298e-01,1.684113209216657470e-01,9.463408584182476657e-01,1.161004285596554553e+00,1.056899594340163118e+00
6.829825281390191627e-01,8.027362105543928150e-01,-3.547889464788820391e-01,1.984227099146242068e+00,2.664067821540390124e-01,5.264259417297685317e-01,-6.068354472601065197e-01,2.454966962221869053e+00,2.735227438436979241e+00,2.304679502862937213e+00
1.318918252403049163e+00,1.649152816254484843e+00,-1.574420005099903541e-01,1.993107436910367181e+00,7.316280106593363586e-01,-7.035345199042761788e-01,7.987569780399805808e-01,2.035484849838966159e+00,2.224698663459623305e-01,9.573557724834536042e-01
-4.565465879468655341e-01,1.685257278403302639e-01,2.380136402151663555e-01,1.668209122528539146e+00,1.870598427714587952e+00,9.462799515835125241e-01,2.143503410277858734e+00,2.046823485845715052e+00,-6.837974102101644913e-01,1.895530769648864133e+00
2.321834501884787461e+00,1.895954060001157071e+00,7.497004128255948530e-01,9.350015757250184079e-01,1.330760518899064992e+00,1.186559340007109498e-01,1.663291080888330775e+00,1.676210543851918811e+00,1.177027102704077732e+00,3.284856035125727214e+00
1.689399307426665331e+00,-2.371272609671037368e-01,-3.273445216883058562e-01,6.743956575938457876e-01,-8.270863762990908752e-01,1.958268528198033598e-01,-1.120496695012733968e+00,8.181615758669865679e-01,5.921052691465399365e-01,1.474061660244184620e-02
1.487203937551092814e+00,-8.134864204282541422e-01,-6.487630853608767900e-01,3.799013659011076793e-01,-3.478966788866839632e-01,2.255891433708572258e+00,1.164084365770933438e+00,1.546594609800615139e+00,8.755224610396561413e-01,1.066827382113976430e+00
-5.666262491465727802e-01,2.566683453947968818e+00,8.180093827304892873e-01,1.224104267123063527e+00,2.547871785227425079e+00,1.155841550539976392e+00,2.785405509162617754e+00,1.749988674191546689e+00,5.844451439896556355e-01,2.494589444109768905e+00
1.282280747092566120e+00,-6.196258148319210290e-01,4.755179839841077727e-01,6.783989593983521527e-01,-8.319826153934356538e-01,-1.511324029381843070e-01,4.007309075630897666e-01,1.588970884438835274e+00,2.427476644845327214e-01,1.614761266912288162e+00
2.057059628949526431e+00,1.846500664558696325e+00,1.615687229720179419e+00,5.338638050162922699e-01,3.833632544071323700e-01,1.054932680706436088e+00,4.122885226347084986e-01,2.701610242138229312e-01,1.879458263535029872e+00,-7.246424375939453100e-02
-5.826309643472515898e-01,-7.201603796572911831e-01,-1.300048911423553055e-01,-3.125797194639697851e-01,4.978995005833047882e-01,8.927841630344184320e-01,7.390626447029875479e-01,5.260119972120568255e-01,2.404774846793727161e-01,-8.158549618561773409e-01
4.124222034207022380e-01,1.110154836255540012e+00,6.233257291326085303e-01,6.679131196127304770e-01,3.014290376934887217e-01,2.398552442743476121e+00,1.259036307753291339e+00,1.833202445459948482e+00,1.566128105288997929e+00,2.823344632789114961e+00
2.226144806335984827e-01,4.065717363218238761e-02,-5.943532816576764244e-01,3.792437656363612519e-01,2.315626103344500031e+00,-3.641901880836252992e-01,9.000447046296288223e-01,-2.465197552662071523e+00,-8.215003988470204188e-01,-1.997759124366524697e+00
7.794514728623990196e-01,-6.589814285835636776e-01,-4.437669101050208398e-01,-2.252898234884352924e+00,-7.938257016525374077e-01,-8.261886885603597630e-01,-1.531218272159078353e+00,-8.525279425645218012e-01,9.931121262131963334e-01,-7.481914083147493955e-01
3.847071575857154979e-01,-6.305150328284780947e-01,-1.322529647742820558e+00,-1.168350696643214892e+00,5.409595692819761936e-01,2.760113052687756530e-01,5.046207868664773777e-01,5.117354127604800684e-01,3.463947245181087098e-01,-1.993040206384719681e-01
6.963669228833120339e-01,6.096250911812595152e-01,-8.595211662220443305e-01,1.201965621690251673e+00,-5.590613571116017644e-01,4.597973009726811222e-01,-8.642146459389498103e-01,2.577749113744075005e-01,-2.611335273665523760e-01,-3.727600779704415834e-01
1.302221617932386222e+00,-1.611015284162309325e-01,3.019647304139821964e-01,1.924814806720601679e+00,-4.235950841295335056e-01,-7.756483765137582864e-01,1.281664845220858995e-01,-1.985504424986812566e-01,1.375916991629579922e+00,-2.084291525117956123e-01
-1.127155591737939166e-01,7.823349704988532549e-01,-1.413001172476067158e+00,-6.607385911464358497e-01,1.976566058326672204e+00,-2.175066703852489569e-01,-3.765549519871004835e-01,1.962447395001664763e+00,-1.847129050879776913e-01,-8.473711601647918590e-01
1.219462388420982313e+00,6.024642974380700622e-01,1.304122430030197011e+00,2.447025520494629180e+00,8.903676393608900286e-01,1.329654061942964649e+00,2.120834667323127087e-01,1.618773476136498690e+00,7.230461723961983944e-01,9.346084046410079171e-01
1.217988984876630099e-01,1.254294311040492493e+00,2.101079919081922931e+00,1.595832107488618590e+00,8.972878910679767950e-01,-5.790277115106778894e-02,6.556602599313218205e-01,1.675873631105651018e-01,1.350098526092614826e+00,6.731636718001768882e-01
-1.861399759270845777e+00,2.207789436074260259e+00,5.533920289621707678e-01,3.053270556261485691e+00,6.772833956425915458e-01,3.566308390543977414e-01,1.647617091086290619e+00,2.950518879828789576e-02,7.086928425330039083e-01,-1.491507009498329595e-01
1.535555296585249918e+00,-3.354161269991373651e-02,5.332877512318414670e-01,-5.292503416720897302e-01,1.604126131595798865e-01,1.258440790037567369e+00,3.054126744180536424e+00,5.464892038899987758e-01,1.186078062109430675e+00,-3.080417071197447676e-01
-3.882370092805172840e-02,2.436584358075801315e+00,-5.159859003619161610e-01,3.275590400444130523e-01,5.446603752894342287e-01,7.961229674314036497e-01,7.880104050467667820e-01,1.406314908925237583e+00,-1.017349995787558553e-01,1.337238043128167853e+00
6.579626900979830273e-01,2.295146754285877222e+00,-4.358206479116877308e-01,1.022687575201630228e+00,-6.605510053617016375e-01,1.891694304014870598e+00,1.798941747030092575e+00,-3.027075052165335567e-01,1.576599450369098321e+00,1.646382963059188409e+00
4.021411452639592765e-01,3.768123033342214878e+00,2.228389144878706318e-02,1.095284810109951934e+00,4.012486572986121658e+00,1.633775892946212061e-01,-7.107746056965202897e-02,1.015974798246510380e+00,1.339657266820568626e+00,-3.892035455519164966e-01
8.808862911291577558e-02,3.024074165377073076e-01,-1.085098096721719196e+00,1.508127079145562988e+00,-1.379055577779406405e-01,-1.518022567885807694e+00,2.982056414969545544e-01,4.968337319245826333e-01,-8.870431438280393932e-01,-1.616317257947854191e+00
1.418912708410302592e+00,5.046528506076350951e-01,1.605894599514881671e+00,2.614526335132838941e+00,2.500840462914114770e+00,1.553148245374576186e+00,7.948445107047881208e-01,2.110659177738627879e+00,3.271729001805739889e-01,-3.406826005070411334e-01
3.103192792262906563e-01,1.468765524421862700e+00,8.863454752541777282e-01,1.501273171947636875e+00,6.410083745891237417e-01,2.458409318895323992e+00,4.455568950998277655e-01,7.506261080102365479e-01,4.629863148132240536e-01,2.128872022820342380e+00
-7.896559732163486167e-01,5.831985388863794584e-02,-7.071585907609174715e-01,-8.889089578612134890e-01,6.198756357506638448e-01,-1.074917032385956484e+00,-1.637418368048532136e-01,8.283056227552455797e-02,7.413770973053503965e-01,-4.918175949315686801e-01
1.422960618799131050e+00,-5.741339623937111725e-01,-3.016545457548106546e-01,-9.592846305035969134e-01,-5.582783444905638388e-03,-3.072165733972011203e+00,6.067325455344660945e-01,-1.548477864976449236e+00,1.392207870887926191e+00,-9.693015670074309753e-01
6.331684129616028597e-03,-1.952124010511067931e-01,-1.200440503800439762e+00,-4.927193042547209911e-01,1.107199245424199896e+00,5.214071886257188870e-01,1.634498678909917624e+00,1.863159633130240023e+00,2.473900289376266493e+00,-4.741079205269033148e-01
6.864808478339351483e-01,-5.053127752555906793e-02,-1.936226624274218697e-02,4.410565791745841291e-01,-1.855901084371431586e-01,-9.910236264755560853e-01,-6.234937243166809306e-01,1.340266218189076763e-01,5.039192426908656319e-01,-6.661638251940895650e-01
1.671191041290939872e+00,3.427031128439923524e-01,1.764561550989785399e+00,6.761597889093162728e-01,8.851206705484186976e-01,1.449178212433923640e-01,7.070569012828219480e-01,1.495701633386744334e+00,-4.015775344519934009e-02,1.001696129547469782e+00
-8.549336336483737142e-01,-1.755775040728588809e+00,3.403705641893670086e-01,-2.047642483036278827e-01,-1.121417812511903866e+00,-2.531257375033315604e-01,-1.350100165943220576e+00,-1.546002573826211757e+00,-8.224805538305699493e-01,4.783746831150033074e-01
1.150897460519017201e+00,-7.169572422743246687e-01,1.669897455434997458e+00,1.554216610096275986e+00,1.358901146219439582e+00,7.877383365971324380e-03,2.180231981119229445e+00,1.162037493100544383e+00,1.997284324736942063e+00,1.379683892140473711e+00
8.681115164868469236e-03,2.470519104106398967e+00,1.375783688775470637e+00,1.642443455300115263e+00,9.878626454843052462e-01,9.883005828023602168e-01,1.377395064531763635e+00,2.211820984115178135e+00,9.739460514042567185e-01,9.866837151302043640e-02
-1.075235317478082431e+00,-2.573576235819555746e-01,-9.632309821990400200e-01,-9.778069287257831199e-01,2.464495163991114179e-01,1.009265262358963966e+00,-1.162240979045055855e+00,4.332823961916306699e-01,2.009818706463424864e-01,-1.041058133012150888e+00
1.836829947748331637e+00,1.694137265600360376e+00,1.766652814173147679e+00,1.182625114476376194e+00,4.296402390023023043e-01,1.626910734781902512e+00,1.991574357635390591e+00,8.416844186319918375e-01,3.430008039512020268e-01,8.032056572010690676e-01
1.474508970235272276e+00,4.893030133253577496e-01,2.523471844607435344e+00,-1.027476375134704689e+00,1.934034769506938645e+00,1.001499217010481280e+00,1.603451884447946618e+00,1.292971036139624275e+00,1.677745616327237954e+00,1.306941508905766769e+00
-9.096725119363097134e-02,7.495418853711265372e-01,1.113922585980571034e+00,-1.572946587458386114e+00,1.561037230185187807e+00,5.101205309721055375e-02,-9.442792014315518623e-01,1.029542199874649566e-01,-1.007052527509079365e+00,-8.206590906575718103e-01
2.252165854769919040e+00,1.113387383320868507e+00,1.576824193803529006e+00,2.023080942005169192e+00,-1.383167935290097184e-01,1.836732624320766005e-01,2.071138780898356124e-01,3.467714398348321847e+00,4.891658664886343599e-01,1.167456677628490702e+00
1.073773443393399862e-01,7.701928523359847789e-01,1.425973016120765990e+00,-2.491541817356098587e+00,2.957238194526606634e+00,1.115147536198141776e+00,1.930818052620353331e+00,2.146233767761576150e+00,1.446004628629774746e+00,2.788078792973415432e+00
-2.527718329389876395e-01,-5.707643089997518349e-01,-1.586105426024102982e+00,-3.702615655181222265e-01,-1.196621714562718708e+00,-4.404327910107931898e-01,-6.712109398739449784e-01,-5.703460998766417545e-01,-6.131715602340730431e-01,1.011296060131097324e-01
1.047257706316284676e-01,-4.617328400193174698e-01,9.570690294523618302e-01,1.109489635168295019e+00,-7.632294703787474432e-01,1.207068664865499130e+00,-3.503883344960303514e-01,6.615688550213816299e-02,2.516634609644556875e+00,3.759175531956242544e-01
1.194823818634131340e+00,4.942333759531173931e-01,-3.917946590254272610e-01,-2.211454662157182061e-01,-2.423452779922036782e-01,-8.484694113043353969e-01,5.766811698618196091e-01,4.930621566937509193e-01,-6.589633908495182713e-01,1.083982536864583679e+00
6.060637093642576856e-01,9.914404388252509026e-01,-1.484686222980090564e+00,-5.352128221369247818e-01,1.004828163442497369e+00,-2.403708392538249916e-01,-2.085770087762043090e+00,-7.075132135079771345e-01,-8.332293275119562193e-01,-1.854527237382973093e+00
1.313325927526105330e+00,-1.882336139939658093e+00,-2.422630112412125225e-01,-5.513314753910305566e-01,6.766656701534840002e-01,5.554381908674077550e-01,1.799789476485134099e+00,2.119792055161911826e+00,1.937756277213370071e+00,8.500390809168125728e-01
5.405144291620913588e-01,1.077140113434177815e+00,-3.446271681718785507e-01,-2.619721730554252503e-01,-1.920125805127382845e+00,6.029294361615334941e-01,2.359638835780386024e-01,-1.348025035970851659e+00,3.781792968871436345e-01,1.799752785788092835e+00
1.667033161268873576e+00,9.525323924706301515e-01,4.950483285248649112e-01,6.448890871635415412e-01,1.872592192655660126e+00,-1.204897426842099772e-01,1.599637421442272167e+00,7.577326125297811910e-02,8.398373197210865504e-01,1.832215049993214162e+00
1.828116552303535647e+00,5.375340496381091349e-01,1.325851310815210571e+00,2.398557480715298951e+00,1.117915390670190856e+00,1.435357962622282102e+00,2.100428878736310789e+00,1.009906960022930678e+00,8.861618797696344529e-01,1.948091104453630873e+00
-1.444939419214897214e+00,7.768417982069939498e-01,-1.323915905729959874e+00,-1.095414918659858738e+00,6.254457794607999332e-01,-1.516253651026344684e+00,-7.784213500002719055e-01,-1.754301530936199338e+00,-1.115342596008172649e+00,-8.783743055785323550e-01
-9.676938077072598787e-01,-2.259840351530994162e+00,-5.748349508350006909e-01,5.492334898275281763e-01,7.529604177825943712e-01,-6.834850228142642925e-02,1.099561945395380880e+00,-3.638089546473740610e-01,6.672413517466174726e-01,6.477327264332123358e-01
2.020513382175117278e-01,-5.643766911304262113e-01,-7.407067276092534902e-01,-2.174620566296388890e+00,2.134836835227050533e-01,7.823928652097333902e-01,-8.555642956360415274e-01,-6.270940056261208317e-01,7.953328036661017064e-01,1.049565032252490315e+00
-3.478779730851047636e-01,9.014914350929219555e-01,-1.185001874488586404e+00,1.446146514561004459e-01,-7.702340728685725946e-01,-1.420725923074849018e+00,7.557623563150090221e-03,4.401502527140518373e-01,1.037491854347647235e+00,1.323093376845708269e+00
1.006509278227317505e+00,4.233541052488750678e-01,-1.114233726629250132e-01,4.865250431706530376e-01,-5.030547949099912763e-01,1.017088633956888755e+00,-4.197418233982479485e-01,1.289366855116639954e+00,2.937126165447497605e+00,-9.737375757483603955e-01
1.290087990155371900e+00,3.946755315682919374e-01,-2.064860036480696603e+00,6.690334353023025260e-01,-7.134652528742778735e-03,6.693651308230235131e-01,-9.375857688021141945e-01,-1.502641128909149026e+00,-2.043119260267713816e-02,-5.173589656379754542e-01
7.641078028632776187e-01,1.540316404972088549e-01,1.468184324109162109e+00,2.917179643123364752e+00,1.921835219782729975e+00,6.370143711381104357e-01,7.963639063724718969e-01,1.870003045073117098e+00,8.292011939955421518e-01,6.081213454699379017e-01
1.341153818879921245e+00,4.854423718912430526e-03,5.650598122528130984e-01,-8.488291597579197267e-01,9.318652477743517848e-02,6.832366377244184497e-01,-6.815596825091828626e-01,-2.082354443499714047e-01,6.189530858692270376e-01,2.431494971105604280e-02
1.652821094952841463e+00,-8.172355141003349033e-01,1.322612876191316511e+00,1.778410563541489520e+00,1.163244913148376636e+00,3.687625239202997340e-01,1.017913067196839050e+00,6.027382103058926965e-01,1.301168535337298149e+00,3.232887740594737602e-01
2.964532511561141614e+00,4.782693855645534509e-01,1.100021437621235165e+00,7.535448898562141506e-01,1.853291611767022840e-01,4.996750153726895460e-01,1.100351439371130224e+00,1.537857777431821393e+00,1.325988685704705627e+00,9.839790115955683314e-01
1.884584173475766455e+00,1.161435878047334391e+00,1.301434580820969300e+00,9.646834610923593623e-02,1.403710088607217354e+00,1.328068268299253951e-01,1.876356604852981391e+00,2.769736689855546885e+00,1.924836665297606775e+00,1.515174787416407209e+00
1.084536957076152497e+00,-6.181087486790803887e-02,1.023823637582045976e+00,5.040977418405860888e-01,1.756157407534915560e+00,-4.009315661495671534e-02,1.700694207618743681e+00,-9.054849948374150692e-01,1.215291229947388807e+00,1.444829652598667691e+00
-5.807976894004426294e-01,4.369186280281670554e-01,2.000142366593010035e+00,-5.709011919294132431e-02,9.352512073907194301e-01,-8.821362232269411852e-01,-2.601394303910640193e-01,-1.505125459583228853e+00,1.803063510716470974e+00,-1.623668735535417351e-01
8.751356019916868290e-01,1.130072719996670028e+00,2.223327720233872373e+00,2.917862643537956213e-01,6.635179218316027416e-01,-1.504508755479905702e+00,-2.287953643088116717e-01,1.809740822674856808e+00,5.299331129256198980e-02,-6.056610860673830032e-01
1.395449886932772054e+00,1.537707410907540595e-01,-4.921775858835210626e-01,-6.146185401326590414e-01,-3.502326667352054224e-01,4.331393988459631417e-01,-5.248129939899124352e-01,-1.169725677518728690e-01,-1.778900868341815600e-01,2.717097640090158084e-01
4.254859387415113048e-01,1.450493739221112133e+00,9.779452658036577040e-01,1.374494786151300607e+00,3.184439682192334864e+00,2.265431471849013612e+00,1.652015770086116664e+00,-7.674812266266695104e-02,1.366249306199136093e+00,2.140898315383741313e+00
3.209852219530957007e-01,-7.586271567433341412e-01,-4.600293449539830798e-02,-1.364318856706021529e-02,1.619877439354966864e+00,8.082557134375144559e-01,1.128318514755339619e+00,1.226208985170069932e+00,1.772482561955411429e+00,3.586434121790606500e-01
1.623382458419832197e+00,-1.801630971232773826e-01,-4.657470058350509645e-01,4.121134961485949932e-01,-5.083309648161290356e-02,5.789379858219231290e-01,5.501392495221490986e-01,4.949431444640813305e-01,-2.508803613080886397e+00,-3.523151227806869401e-01
1.062433309108718804e+00,-2.077895861079800954e-01,7.594743212566296142e-02,-9.371495953616064689e-01,-8.126970707666029137e-01,7.628491258071818937e-01,1.855147360699227921e+00,9.085948543577140324e-01,-4.565891853592340954e-01,1.323599281997200061e-01
1.499750630743404978e+00,7.272019267761944405e-01,9.912420712479450557e-01,-1.370532099181132946e+00,9.062174563430815954e-01,7.585421424591891615e-01,1.178530389053620953e+00,2.194940893924751446e+00,1.322150906348291466e+00,1.447681010030887672e+00
2.141052380345885575e-01,8.967452879338417837e-01,-9.187696441596245878e-01,8.351570364074379915e-01,-4.384199346969272493e-01,-1.182127033945396422e+00,-2.772987945306250035e-01,-1.154218834768580892e+00,2.430377536937378125e+00,2.673581777199413256e+00
5.158955173881489831e-01,8.985456492651421323e-01,1.929455131149907077e+00,1.615062007674961775e+00,7.057939110166766561e-01,-7.290314169025808866e-01,2.676010400555342006e+00,7.060515432064470298e-01,3.689003499519877050e+00,1.315440244749209064e+00
1.238445635648528276e+00,-4.291059479286674083e-01,9.095676879650518298e-01,1.279464981826240466e+00,4.951944056283446027e-01,5.117591163520468500e-01,6.749025593513371390e-01,9.618221896965849504e-01,1.876068866222915243e+00,1.945591531784120587e+00
8.768032019659836029e-01,4.123077020405313542e-01,-1.919466529823244283e+00,1.094538460909648681e+00,8.586099946354939227e-01,5.838476901042132239e-01,1.066630770872528666e+00,1.257555517431344860e+00,-4.714540858987136818e-01,-7.566075444541319785e-03
1.944070112910769310e-01,5.475196872294627592e-01,-3.644314301030872338e-02,3.211807329688737833e-01,1.952159352383378843e-01,-5.800096818839671764e-01,-2.099238850990368555e+00,1.452532416739249710e+00,-5.603284911483230601e-01,7.103029366613926587e-01
1.778248191474933959e+00,2.355905613086205497e-01,-1.641145787491546937e+00,1.818865088258269314e+00,-9.269990121994433618e-01,2.060384324308230486e+00,1.101147834027349282e+00,1.923934566342996311e+00,1.235099865315261169e-01,1.428663106631150148e+00
-4.148921597676764050e-01,1.478350435489602377e-01,-1.225125717435437078e+00,1.511283854405060488e-02,8.888621538827069513e-01,-5.613671891923469603e-01,6.384837694183528312e-01,-2.076811485163101434e+00,-1.226467373763638680e+00,-4.625393628128969259e-01
1.924272931895896432e+00,1.410137543311992925e+00,5.138500077004046762e-01,3.047506542051063860e+00,1.521380667177582469e+00,4.618460282899738978e-01,4.233077711821495726e-01,3.223061145402088545e+00,-2.174469940049394978e-01,-3.246069278541345859e-01
1.588137914293570763e+00,2.100672509395085097e-01,1.195969622073533634e+00,6.762556488295171642e-01,-1.054411173840624549e+00,2.777337674426844316e+00,9.384718902204229884e-01,-3.018954082937796990e-01,-6.148397070378148754e-01,1.109821520117257876e+00
3.584587343951786131e-01,-3.622671553635516961e-01,-1.902434317794273522e+00,-1.164492541216564314e+00,6.922182103925018926e-02,-1.555896481858780378e+00,3.714654566571021777e-01,-1.764880040665571248e-01,7.929503635982145804e-01,-5.278779006001106389e-01
3.622266804412252461e-02,6.114129502060137999e-02,2.374248550835007965e+00,4.948407474223414648e-01,2.486821320297344595e+00,1.100208456295227899e+00,-3.741792999141214104e-01,-6.520821914757466420e-01,-2.109940431844269604e+00,-3.457870669044991185e-01
-3.646311680891165530e-01,2.167055505203805410e-01,-2.333457137578400509e-01,-1.215848984824250634e+00,-1.665643117881498769e+00,1.750583019011794639e-01,6.953483261512465319e-01,1.565338036926401388e-01,-7.993951260059525277e-01,5.645577737343657754e-01
1.771019567018271568e+00,-1.398122413117752982e+00,4.038807392923605133e-01,1.590787976758585742e+00,-4.159279448520214473e-01,1.003611310333071494e+00,8.776287408712872828e-01,-8.502257943073469049e-01,5.669750928992320915e-01,-8.015391440020752656e-01
2.377934277204603042e+00,1.161637129369328836e+00,1.959722207249802395e+00,1.945770706514271531e-02,7.301624880092452141e-01,2.204812079776581335e-01,1.725587762912643264e+00,9.100915915734064665e-02,2.840080491702511090e+00,-6.547218634882383537e-01
2.851204932796975733e+00,2.977903997363492206e+00,2.380324379730476725e+00,2.179634170480015953e+00,7.249679420127852492e-01,2.470280768533462679e-01,-2.273418291120115065e-01,9.224998304339511179e-01,1.810742434267095247e-01,2.110672170457003727e+00
-8.976647674446811553e-01,1.795266427309761603e+00,5.853636204377432595e-02,1.894582753187194601e+00,1.845144752838141500e+00,-3.313337266283467031e-02,1.190930596095801652e+00,1.000510447319934881e+00,1.992135574797525122e+00,-1.107861742853615272e+00
-7.786841791078145114e-01,2.037366733169357680e+00,1.760868104396974498e+00,8.570693769449306831e-01,-1.771181437736267128e+00,2.163838518496475238e+00,2.651816229000935055e-01,1.106855442332185469e+00,1.533817787991569315e+00,4.501630661852183968e-01
2.212730677155128611e-01,1.788703729862606839e-01,1.192468599338148971e+00,5.264750485955497217e-01,-8.422460647089467789e-02,1.511008174278966276e+00,1.033605648586665593e+00,2.790459187081633652e-01,-1.442898862560347334e-03,-1.852946785168225308e+00
2.730377584868034724e+00,9.275842182056043272e-01,-1.684758848541008547e+00,2.648185917636032283e-01,8.925194750748911832e-02,-1.137239030315773114e+00,4.197913203696498896e-01,5.970937305061038147e-01,6.239246662547472955e-01,5.321601745318693677e-02
-2.961653833471616926e-01,-1.101779357090595102e-01,4.131485299499328412e-01,-3.935978905794114691e-01,1.456147200475348180e+00,6.430183931613726589e-01,6.010692278812553857e-01,2.447167078063504086e-01,1.264408310346754327e-01,-4.364152170548885046e-01
7.735876339326630546e-02,3.360329964943439052e+00,1.237920447912378652e+00,4.065294706755838705e-01,1.918074908722725347e+00,4.198939366145821861e-01,1.788384521214769762e+00,6.875354661628253483e-01,-5.267271163233264719e-01,1.094260744582125522e+00
5.642955519349931448e-01,1.572397878773002855e+00,5.017452192890128337e-01,-2.176310038336252806e+00,2.194535186380822955e-01,-1.276004405603230196e-02,-6.740183137170884242e-01,-1.183465110750835658e-01,6.808677941875395101e-01,2.800074722661633486e-01
-9.979270836275619949e-01,2.175395099692539969e+00,7.916265405589565374e-01,1.248917198327594846e+00,4.807456561879778212e-01,1.417302387853070389e+00,-9.653822338497142219e-01,2.219646681461000526e+00,3.022859185070850607e+00,9.617802002684011642e-01
1.582620663047223486e+00,5.604906139961363110e-01,8.306434516423324976e-02,-1.195654432025585301e+00,-1.148772519193207997e-01,9.142597250093704719e-01,-1.095178456902366371e+00,-1.289407881945159096e+00,-1.287415913860735950e+00,8.460588718094781691e-02
2.729230123210379499e+00,-4.203446056274864895e-01,1.577980519733677145e-01,3.653283924318461162e-01,6.860246948309882409e-02,1.107694576034027323e+00,-2.676167256858375532e-01,5.756364172883399188e-02,2.180848525247275904e-01,7.291190595681397157e-01
6.428999422773111760e-01,1.397740426136556025e+00,1.024739199240944254e+00,-1.297823442112790993e-01,-2.930121662482185751e-01,-6.481250211968410113e-01,-9.555242144791800118e-01,9.043860731323249968e-02,1.552295950441119121e+00,2.882927352261284604e+00
6.635992401111782124e-01,2.951248716774488301e+00,9.719088963940900605e-01,1.066094614517451244e+00,9.912819073250666024e-01,4.273245448912733613e-01,2.624293527953950100e+00,1.203976634159694026e+00,2.820142407626856418e+00,1.055460684050177234e+00
3.035642808410438653e-01,-1.539453896657974885e-01,-5.279425142995070042e-01,2.412443057170621685e+00,7.514948569701008774e-01,8.204714614662899086e-01,1.865503719013069661e-01,-5.209328872724637849e-01,-1.566567073695801948e+00,9.007530956458278393e-01
-7.902584785978821191e-01,-2.751985934215592788e-01,7.230606998288030551e-01,7.402472205793960702e-01,-6.894270579231770446e-01,-8.176118322549450479e-01,9.509446718300873513e-01,-1.279026891779646125e+00,7.832819308368742517e-01,-1.325638294531857886e+00
1.250426004787247525e+00,9.534363579482219020e-02,1.140359128220091778e+00,3.620754056543430410e-01,1.233352680864347573e+00,1.659232041677850100e+00,8.505799380444027946e-01,1.989747446622642801e+00,1.342644486400625281e+00,3.861098585322748633e-01
1.286161901170181476e+00,3.178478084334527276e-01,1.237586182673761304e+00,1.806923534287986355e-01,5.758043007032173088e-01,-2.804015977713723018e-01,-9.682681118065956660e-01,1.375199576326981088e+00,1.179561486195377595e+00,1.587016609344808593e+00
3.138314318875667919e-01,3.018291576709896340e+00,3.284512744451816291e-01,1.967953521668744710e+00,-4.694486759317493263e-01,1.050124050176223900e+00,-6.861375026253813125e-01,3.778737909183077504e-01,-1.931825832070988014e-02,-2.067089076405201897e-01
8.033802325066236039e-01,2.411204547790825881e-01,-8.499416520739929704e-01,3.097463886073704153e-01,4.508135845244170548e-01,-1.264852211052114039e-01,-7.905187368965630457e-01,-5.622723150010028315e-02,-3.105699087215700316e-01,-1.524578828485010806e+00
-1.319902702358688229e+00,7.546863937446377513e-01,-7.963840508332095114e-01,-5.419871831133142859e-01,-1.565024657856729284e+00,2.641429057886556797e-01,-4.894779819324571180e-01,-2.096802831721984728e-01,6.553244115728570351e-01,5.024333330628603100e-01
-2.738457596265576055e-01,-2.919098997849217669e-01,7.253375711279874682e-01,1.222831841384992152e-01,-7.879592366242865742e-02,3.158528072930355535e+00,2.974473870601981762e+00,1.921015585193922848e-01,-5.374673596707466583e-01,3.063914256494995603e-01
1.866855122555053370e-01,1.454343178361192646e+00,-4.500001838767486717e-02,1.030349009850577646e+00,2.206420316132958082e+00,1.548402937620275033e+00,9.130783112662052003e-01,1.120554993709572233e+00,1.037599465115275121e+00,1.545330536101136021e+00
2.718669216025831337e-01,4.584453799772004734e-01,1.686544476981595597e+00,9.622793327700601695e-01,-9.417919690610345729e-01,1.226617228511706070e+00,-6.225853568715102870e-01,9.923322889909740319e-01,3.286434032532095650e-01,-9.391604653186611529e-01
1.793402558851874939e+00,9.578958201809768536e-01,1.965766641866459219e+00,2.351096523821728734e+00,1.197342221473879587e+00,2.778446712672494989e+00,1.307386091071202738e+00,6.826039573450974896e-01,1.137123301833058431e+00,1.250930383804851331e+00
6.180547460486662814e-01,1.458167304241592799e+00,7.802434794083028535e-01,-8.637426271259118771e-02,2.931244708273580413e-01,1.641087174507479096e+00,1.337545612914179616e+00,4.003161468948900348e-01,-5.210522619427253588e-01,6.072525326469615514e-01
1.489553507786083308e+00,1.755288631744442274e+00,-3.863941694972478080e-01,-2.539748433232647540e-01,-6.528615058162151596e-01,2.320635321353476055e+00,1.920302990112632502e+00,5.762441937786961788e-01,1.054071971428973242e+00,1.237402126430147131e+00
-3.712041701629809065e-01,7.358558639684935621e-01,2.414535857695592647e+00,1.240265039071170694e+00,2.216367259716692573e+00,1.946703378468709111e+00,2.066991759994531108e+00,2.353153911479706650e+00,9.810815467815727775e-01,3.779580720068448363e-01
1.010307454425545703e+00,7.080148526483466265e-01,7.581334407310469370e-02,-4.618127879502931243e-02,1.367170420865361002e+00,6.457450056429663299e-01,1.332941519545035369e+00,8.023323455055699771e-01,1.163246677777863169e+00,-1.904767056472822517e-01
1.204132045747979385e+00,6.132018564086474388e-01,4.058591800925829274e-01,1.618717644685999879e+00,-2.675155628458587564e-01,4.211828253347641438e-01,9.265163486942791238e-01,4.219980393860763845e-01,2.788493214054424962e-01,-8.784666506455067747e-01
5.889744936754603977e-01,4.460070670073489341e-01,2.421275451449576011e+00,2.305034207890127362e+00,1.621050070655336128e+00,1.056473317114039245e+00,2.047756832970426544e+00,2.440304959575277932e-01,1.410603359030433435e+00,5.759915895696960941e-01
1.437141524789823599e+00,9.314905915415617743e-01,-5.050784136524726353e-01,1.891755989263633753e+00,2.825292399169877511e-01,4.144978606390187226e-01,9.611489267513201318e-01,1.305783771558151951e+00,-1.979699319154182069e+00,3.301191455503173916e-02
-2.756139656049806652e-02,8.252644414298456743e-01,4.080738946252277510e-01,-1.220254137227634761e+00,-1.125079042985368982e+00,2.118315667802862234e-01,-5.578031646241107255e-01,-7.293058318655040173e-01,-1.867388184587188915e+00,1.235683182212309467e-01
9.239313151265273749e-01,-8.148071339472713337e-01,1.072356141861394274e+00,-3.762371439886734170e-01,-9.889740871431853542e-01,6.131668917025063781e-01,-1.065551515656396747e-01,-8.645746875782428509e-01,-1.832355671025349908e+00,2.739393795507657492e-01
1.663561179344312801e+00,5.627207157042057872e-02,2.407607646709666760e+00,2.023491081368367084e+00,-7.954545963912349471e-01,1.066773066307946660e-01,3.058862886790816304e+00,1.121198930489341272e+00,-2.126310931347106248e-01,1.777241934285192393e+00
1.225782139434435702e+00,9.401518173511175247e-01,-2.900075548343261644e-02,-1.115382450617254051e+00,-5.783947725151206143e-02,2.122077870491261287e+00,1.026693350251952852e+00,-4.958413824615413024e-01,4.262553083883788840e-01,2.860739997477321772e-01
7.871568868684230003e-01,4.253152298938599474e-01,1.206512231401113855e+00,1.681728867319670861e+00,1.151544481448913304e+00,1.775828768459737361e+00,7.594757128241876876e-01,-6.461588909692592697e-01,1.105392192247501182e+00,2.584639670764351749e+00
9.559654289876645672e-01,2.441855299431684223e+00,2.341111305902482620e+00,1.008709275424488627e+00,1.411264068204347133e+00,1.962495619346591447e+00,2.038475183850233741e+00,1.192897495237067451e+00,3.949039464434317415e-01,1.116886784123790610e-01
1.458181822856722931e+00,1.235526729771706522e+00,2.332716574126044939e+00,1.334273328327356234e+00,1.070497786209933411e+00,2.260784057243567791e+00,4.927747062623815122e-01,-2.897695833688167522e-01,1.421794622709780631e+00,3.140829537513042613e+00
5.585826211915682071e-01,2.021376550410724171e+00,-2.848947039163123307e-01,4.525872368120932299e-01,-9.330266037242225252e-01,8.920814841347474156e-01,-4.830797036406080380e-01,6.001510404072510907e-01,6.371910571128456269e-01,3.078218789762122709e-01
-5.494672227734320735e-02,8.601694670575552593e-01,2.618375890943259954e+00,-6.509843429988895203e-01,1.818722013821727046e+00,4.228424523884857233e-01,8.935120876732802753e-01,1.775403045415210546e+00,1.258848244064885158e-01,1.099297348148983389e+00
8.444157404941732281e-01,9.184488969407520464e-01,1.661643768116916497e+00,1.892793278479993679e+00,2.261757109061693249e+00,1.525632603734032200e+00,1.245263936557895468e+00,1.922149983460379463e+00,1.931593891723128120e+00,2.434978433818539401e+00
1.129147863251992012e+00,2.258246751958355780e+00,1.227346442270178750e+00,4.929444500670796536e-01,2.167342864584274054e+00,2.151959695557779106e+00,1.145793032356132723e+00,2.544535846317685923e+00,1.600042061198435395e+00,2.233401169513011819e+00
1.509428327597542641e+00,2.468534001996020244e+00,7.744238692794253032e-01,6.702088505760979142e-01,4.296700051219753957e-01,1.858378863301214823e+00,-1.180854154250525756e-01,-9.562263464577558381e-03,1.571360688063078825e+00,2.423554614840498500e-01
9.698764705056799329e-01,1.032940856039232802e+00,3.400656269372315244e-02,1.168353798248972453e+00,6.061024284219083125e-01,1.945576199340233625e+00,4.030588587318771898e-01,1.856706378446419059e+00,1.685110191816883596e+00,1.738578143728046310e+00
-3.212804199657931514e-01,-5.342041789846857514e-01,9.679828911477893483e-01,5.242914877722316958e-02,-1.515858761048969550e+00,-5.277769608161858583e-01,-2.151612465028923116e-01,-9.492099140657629663e-02,8.485921151401355500e-01,7.541658082824099774e-01
6.611248861504183116e-01,2.425516590623154334e-01,2.701455327526760541e-01,-1.953933700608530222e+00,-2.228510476873151624e+00,1.241601251352527635e+00,4.734896920984511537e-01,1.383213915568105579e+00,4.051872600616823195e-01,1.524497505733794611e+00
1.915293938539164742e+00,-1.006479490720582903e-01,-6.344065355888067748e-01,5.654205711601983930e-01,-1.515216783033044301e-01,-1.576306828125234594e-01,1.365640958392475790e+00,1.303681373529443910e+00,-7.024560365600068801e-01,-2.619757622557045140e-01
5.426350503199615094e-01,2.692478145295523539e+00,1.095017861011953642e+00,3.536740030138875834e+00,-1.743401819164502875e-02,2.506130433317929729e+00,3.205118475407888745e-01,1.325286540338900920e+00,2.009420540120691712e+00,-1.143612347480409408e-01
1.596335625766466482e+00,1.475728558388262224e+00,7.432674991049099678e-01,3.293626661405451017e+00,1.250205871646325129e+00,1.295337944570781552e+00,1.955054449218383894e+00,2.252438757521002533e+00,1.990870716871280699e+00,-7.058690839676748929e-01
8.864715543113620422e-01,1.368530218417695732e+00,3.310131405472519273e+00,-3.186609174592003324e-01,1.252124808964812264e+00,2.204096935294958648e+00,8.691994581430884104e-01,1.220158584093853582e+00,1.033690533355123620e+00,1.661162349351551049e+00
1.567596098171614438e-01,-1.625048449478225798e+00,6.297631803283695318e-01,7.779446240027806936e-02,1.162744365606358743e+00,-1.373601784593601050e+00,-1.637803716069134330e+00,-1.258121805560368789e-01,1.499046021284644592e+00,-1.730683507772945662e+00
1.807024415441111920e+00,3.192000724233060360e+00,1.190059722053105729e+00,5.258652659597777834e-01,2.285210947278281113e-01,9.881541939151897713e-01,1.649404177870599453e+00,1.815196683361166352e+00,5.497299692332574539e-01,-7.296420141585597818e-01
9.101972604186222560e-01,2.535685104860707195e+00,8.265960059748296285e-01,1.987381993017041326e+00,1.919545458360691459e+00,1.789500353482527117e+00,1.598515038428709900e+00,2.139422198100279449e+00,8.893437224576044020e-01,-1.138073511822311534e+00
9.937078747879528606e-01,1.907260215322907904e+00,9.859711769242365254e-01,-1.073026432339280856e+00,1.852157548449778091e+00,-4.035822054624835786e-01,8.074994444111571745e-01,5.882890441060424358e-01,2.237858736256776560e+00,9.399523349267281391e-01
-3.005364579440195083e-01,-1.514423152302120323e+00,-7.923375395158938073e-02,8.070118762632248754e-02,-1.819362861553538158e-01,8.708381547179081528e-01,2.023728864966988450e+00,-5.968737849560232789e-01,1.377948657303643965e-01,1.013464299990081141e+00
9.081393285581134123e-01,1.402259582355280587e+00,3.872616863868861836e-01,2.244026119983411505e+00,1.657126189710851349e+00,2.542106052496366786e+00,-9.807989351518806576e-01,5.389349021387692673e-01,-1.978601019330181732e-01,2.385690707471311178e+00
7.876171781687901774e-02,4.616179990329242200e-01,3.071799944167330931e+00,6.847604190501859200e-01,2.465356595767962400e-01,-7.749067828616553744e-01,1.362938270177993294e+00,-3.290486150397349263e-01,4.356060744692213937e-01,2.217815854958210764e+00
7.304846676759957358e-02,8.847845116940417087e-01,1.637024085333754098e+00,2.399293998934330929e+00,-3.385018257213829873e-01,1.205656538447335890e+00,1.703949598986805647e+00,9.124998180182691820e-01,2.043308610236172385e+00,-4.950508262854673713e-01
-5.000347774698455927e-01,1.026189392552193436e+00,1.376949165612292525e+00,7.947078094374646628e-01,-2.339535403309539463e-01,-1.568533302141183139e+00,7.777892855883732359e-01,-1.520646325612859950e+00,-1.586821399903452612e+00,-9.277360984462993398e-01
7.164713805714486572e-01,-7.581274759589092804e-01,-1.408212489933244216e+00,1.043688936478716967e+00,-1.046734069883366258e+00,-1.844252895915559520e+00,-5.489019232298151252e-01,6.718416006634998494e-01,-1.019145514837641375e+00,1.243680286223581177e+00
1.337288727042258429e+00,2.078344789112847479e+00,1.412316833077649214e-01,8.021846480275351965e-01,1.583318877787041057e+00,2.884098097036864039e-01,-1.260113601164342678e-01,2.284429005611734662e-02,-1.385233741025927223e+00,-5.894886975858902867e-01
3.877932724785937424e-02,2.822000055302994248e+00,1.074893932796467499e+00,1.201186045658743096e-01,1.652225083883823942e+00,6.537900911061618192e-01,2.474030550323933486e-01,1.355445985271191311e+00,1.846001724722947213e+00,1.037283100020067961e+00
2.125679946856936287e+00,-2.221986605210297672e+00,1.289719394940369135e+00,-4.688243648356266169e-01,-2.494134215245924213e-01,-9.509111275132038354e-01,2.995804072999294076e-01,-1.177788586253954106e+00,9.548864303071471493e-01,1.491481734786537894e+00
2.784829838866836660e+00,-1.021506658060259198e+00,2.123267193190629953e+00,7.752754464792721567e-02,2.447216675248885309e+00,-1.589828441240208612e-01,9.830825294079527099e-01,2.568612722255542158e-01,5.044638036246564816e-01,1.802870871614183024e+00
7.998110137837158851e-01,3.630225392767689740e-01,9.668720621733920551e-01,3.314402898531330521e+00,-2.901259740332657877e-01,1.335826335962241096e+00,5.583358182275490744e-01,1.072030684304198678e+00,7.931822874350634711e-01,1.973853587985112679e+00
1.940411654286259058e+00,8.111967758398921369e-01,9.022522945857984755e-01,1.588013204093739583e+00,-1.208189200045855838e+00,1.332243060488619957e+00,2.701334800416808068e+00,6.435966393811132225e-01,8.442038369230215888e-01,2.560733855540100024e+00
5.404578443760363338e-02,4.487636385162428465e-01,-4.949362986593022207e-01,-4.659237432659477790e-02,1.294019008355059563e+00,-9.107320940679882737e-01,2.961711840092229320e-01,-3.345781640997473327e-01,-6.011203193709595549e-01,-8.059780947142676233e-01
1.630359180321643009e-01,6.261154071039549355e-04,-6.248249523466292699e-01,3.534530347824258456e-01,3.619801379203091973e-01,-1.619491703025870699e-01,1.200782917548408824e+00,-1.829455208607896788e+00,-1.171890804145276466e+00,-1.112599052753203033e+00
1.349156337155409835e+00,1.148275041944675445e+00,4.433801062536588677e-01,6.902323652323487657e-01,2.436108116509668520e+00,2.411209361038812560e+00,9.694307796652640308e-01,5.683082162887440614e-01,7.246019245981275558e-01,2.586249541838651300e+00
-6.327067404699925346e-01,-7.562393091146769608e-01,-9.336342940300982329e-01,-1.256800563184290009e+00,-2.630525087036537646e-01,-4.889017657189437260e-01,1.090172826734770117e+00,4.299895969522032901e-01,-5.771103070967369408e-01,9.569395680993760811e-01
1.611991492715337371e+00,4.043248261346795713e-01,-2.787249138061858034e-01,-1.036031437879536776e+00,1.082144451916556838e+00,-2.227820079355131988e-01,-3.587032253459745412e-01,-1.739934623136650538e-01,-8.364305244530653161e-01,-1.363051588937290060e+00
2.859280300686454446e+00,-7.838800439641306905e-01,3.845009939182071346e-01,-3.296414734987163087e-02,9.383277972440942083e-01,1.136862924629904903e+00,1.203917755095456510e+00,1.779328180381918756e+00,-1.443249127152172573e+00,1.856297777419858130e+00
1.927071973161696317e+00,1.529067547951977746e+00,2.604553209597681551e+00,2.103350733890248847e+00,2.177806454354100918e+00,1.577628134058231435e+00,-4.781022786529809387e-02,1.816324576608273400e+00,5.726771575145290782e-01,-4.244830169545237286e-01
-2.269638438157119964e-01,1.729731861473930543e+00,1.768495434141004630e+00,1.342108930771533037e+00,1.985513417813456583e+00,1.243087985961809583e+00,2.646296404599883800e-01,2.148304026098946551e+00,1.309060386762763484e+00,1.039702337364467155e+00
6.727608595057752439e-01,5.986507660088369320e-02,1.086933473279527940e+00,-1.263993222479320444e+00,-2.185783955428814984e-01,2.467671125502486351e+00,-3.565625975968005346e-01,-8.495993799928847068e-02,3.451575214284082982e+00,-3.799116206354324898e-01
1.891646400708001607e+00,7.407130504040773111e-01,2.704359139095526832e+00,9.671418331517522837e-02,5.681217099307653839e-01,2.130553998423303952e+00,1.728585578391742317e+00,8.638777267490256317e-01,-4.626280039462695726e-01,2.233070901795181307e+00
1.288185578130522035e+00,-2.135448335720637747e-01,1.023633855338127452e+00,3.970028950224498754e+00,1.650587057027357307e-01,1.010653161048504556e+00,1.607186854219107452e+00,1.655091727692474812e+00,3.644584440901436073e-01,2.742076381930044882e+00
-7.544872418708643835e-02,-7.938528752817749501e-01,-2.005249593926915486e-01,-4.269626877635325779e-01,9.824340801928905798e-01,2.720664964380540840e-01,-1.299276304902664825e-01,1.631242419289475887e+00,8.529695300871730224e-01,6.805849627241475908e-01
3.265195433572333883e+00,2.624549666832808104e+00,1.290042819728563162e+00,9.882337040513078374e-01,1.179680103648401035e+00,1.124333691635181376e+00,1.717146150949930838e-01,-2.934610501909706848e-01,6.145271510415494243e-01,-1.001495089487377754e+00
9.521096695362343265e-01,1.373512408289920828e+00,-4.198992062939137515e-01,-9.995390688030947324e-01,2.166302425034431600e+00,2.779431136864207730e+00,3.887644287823660783e+00,2.926739987557486433e+00,5.772245037568635162e-02,1.835496992072782607e+00
-4.732371433313620201e-01,8.597831957329609143e-01,1.367411632762810803e-01,7.766867943203024927e-02,-1.114439642888553073e-01,-1.168530893830441730e+00,7.337375237758121393e-01,-1.359428021430514777e+00,4.773311786765789266e-01,4.378236225657293756e-01
-5.518640685322440120e-01,7.491082053074101799e-01,1.475273556943475839e+00,1.119846886504052286e-01,1.055985942286177703e+00,7.605277302700885755e-01,1.919135409094334888e+00,1.233251747869771320e+00,3.262268967672945497e-01,6.571816740238102250e-01
2.184240786857214012e+00,6.686921061702841285e-02,-8.833488586151093669e-01,1.790930258960603760e+00,1.295950785489435653e+00,-1.224234306929223637e+00,1.203315703168440221e-01,9.705066819692362845e-01,3.023200749468957782e-01,-1.432675466720413071e-01
8.098811062729561749e-01,-1.639387393697859574e+00,8.253792272425598819e-02,7.972631354069054099e-01,1.781295021503578546e+00,-2.099478699625660028e+00,1.136331284688243404e+00,1.436398104872950721e-01,4.157761906178972788e-01,-3.415325046005561749e-01
7.163428042772671533e-01,-2.424749913372207466e+00,-6.038748980544306200e-01,-4.425007408247044194e-01,-6.561487573904038750e-02,-3.902426300595380759e-01,-6.867731187192173126e-01,8.260359115827529963e-02,4.297482930469156970e-02,2.057810634064186406e+00
-1.005571134463613348e+00,-2.838299263028039032e-01,-3.687282641590637344e-01,-6.290910915148155702e-01,-2.556808653698833256e-01,6.642817577590343081e-01,4.716828634427732148e-01,7.166640145579568077e-01,-9.488532300571758116e-01,-3.745350354257954706e-01
4.339866132322310333e-01,1.145806298968644832e+00,-8.381704225731863023e-01,1.533796271326110405e+00,4.046381570394665395e-01,-7.022640071801781181e-01,2.883424654559340050e-01,1.193483862005199736e+00,5.416083662554579403e-01,-1.902031974528416158e-01
5.201435926249293740e-01,1.811692895458979213e-01,-2.824750414082371486e-01,2.733540381313241951e+00,3.517567533270976043e-01,5.013275343084704350e-01,1.391854835046806960e+00,-1.071061918746076147e+00,-8.211282587188908355e-01,-9.387324106116959888e-01
1.444083312031626321e+00,7.454409849096865770e-02,-4.473190376664595291e-01,5.800976025359465549e-01,-1.100041845720212130e+00,1.857992471728038719e+00,1.405789038242115874e+00,4.549776503476852252e-01,-9.242439175633145876e-01,5.220378987152395345e-01
8.818112319046655934e-02,1.098660329522904933e+00,1.172000682818907791e-02,1.694578356283436893e+00,2.235297089420208216e+00,1.216452187009388064e-01,2.916183891689424712e+00,2.032812496972227656e+00,8.875823665459129375e-01,1.108985872186276644e-01
1.049434647538719512e+00,2.684279840051990718e+00,1.949379522631968786e+00,8.372473049640591913e-01,1.002671527009520114e+00,2.380539806835132444e-01,-1.455687576992162224e+00,1.377136554812678382e+00,4.814905434270054796e-01,2.263429117361429377e+00
2.078045874819367977e+00,1.275259399746143218e+00,1.351223974546449824e+00,1.101576641662762590e+00,5.404632081796665322e-01,1.862782702526723178e+00,9.089365896023651192e-01,1.109255333838825353e+00,1.534982503934680276e+00,1.383201164839451769e+00
1.308178759981126316e+00,1.353289379397020653e+00,1.277184273022708982e-01,9.821415385590649416e-01,-1.103176591870821177e+00,1.648305144049068360e+00,9.753199536966057348e-01,3.198117047516590983e-01,1.057407890922770433e+00,8.811326400396533032e-01
-1.092244517341640409e+00,5.425022854461828553e-02,3.569867776874327880e+00,1.674390774850470220e-01,8.075110602082851141e-01,5.403137456977438191e-01,-1.345502010161095052e+00,1.318902209312544427e+00,-1.071905048449091957e+00,-8.134623643831701001e-01
1.299638542702109989e+00,-2.003755631432750928e-01,6.018728284755139324e-01,3.967290815336310672e-02,1.373921684965675460e+00,2.058092270420190495e+00,1.199936045813079666e+00,-7.653923762578329626e-01,2.065817157451193431e+00,1.417247164785365499e+00
8.027815444582168114e-01,1.166128675891874522e+00,1.256435883259182429e+00,2.172805645255439622e+00,1.245180507935030878e+00,3.668086125151809318e-01,-3.831466318750842426e-02,3.643227651619485030e-02,2.620736609879315893e+00,2.013221812422730572e+00
8.535775670571551510e-01,1.776161763920030889e+00,1.220025452735324700e+00,6.347273167125238036e-01,1.338579197802804321e+00,2.017989418293059778e+00,1.529366834251516316e+00,3.543673630443753275e-01,1.121853694721036909e+00,1.304825094464125979e-01
8.969291302210856687e-01,-3.814354030497530967e-01,-7.114405825524519056e-01,5.365893554571704582e-01,-7.806516231993509969e-02,1.171925674500957415e+00,-1.217118797712221756e+00,1.452527778155313198e+00,-2.380408796242892144e-01,2.053195232966404937e-01
-1.798981945832423435e+00,2.128279020284600698e+00,-2.057552410733591852e-01,1.194989571977399745e+00,2.698376675478973974e-01,9.525259115161729406e-01,1.107416384578287838e+00,1.614498221874338668e+00,1.244125580208276460e+00,1.688502281475384503e+00
1.393275176045360553e+00,3.465439585033097902e+00,-7.729136504939075891e-01,9.330534973481453553e-01,8.367273009666931216e-02,2.689145469292092194e+00,1.438909413533688397e+00,2.146993452084939857e-01,2.398258243078456253e+00,2.585672925401908628e+00
1.990247152651874796e+00,-5.579172184157419334e-01,9.275083578273344287e-01,4.784698633317328031e-01,2.787553175402400996e+00,2.437044492505030746e+00,9.590065925888371368e-01,1.828176193018680618e+00,9.045266667590732279e-01,2.250178849399051106e+00
-2.976329106720241313e-01,-1.066647820218459941e+00,-7.211148473682664761e-01,1.127099761042299253e+00,1.795964708022999012e-01,-1.251078302296617650e+00,1.364309176510684285e+00,1.667417008671808532e+00,1.387622744968550093e+00,8.843964924560263619e-01
-2.257944518025443992e-01,6.877536542747652026e-01,3.407532366386440970e+00,-4.788651656026792769e-01,-2.555904923077814139e-01,9.907509865319747977e-01,7.474061917342322706e-04,-1.210003141194636811e+00,-1.074091636378260217e+00,-5.836187515285967686e-01
-5.219683620373982702e-01,9.274013345214843218e-01,1.701881229425708852e+00,3.113018473935247776e+00,8.032886621460324506e-01,1.356489129614669498e+00,2.363023783895390473e-01,8.744991168150170191e-01,3.368542091402915162e-02,-3.317697317402719115e-01
1.621011307663874579e+00,1.759111440206158505e+00,-5.467994753465488245e-03,1.541281096134211825e+00,1.098562580315912696e-01,1.497584537660893167e-01,1.549524051899320964e+00,4.877112889199719525e-02,2.509186271267648927e+00,-1.342805577832547392e+00
-4.049217765491874843e-01,-1.393407301984535440e+00,1.146917859825150821e+00,-1.412653883181804737e+00,7.151132787856863127e-01,9.893781167019871647e-01,5.349480757376755269e-02,-1.074114901773326247e+00,8.695528073132670066e-01,1.709525370523867327e+00
-5.075225851237388230e-01,9.183358515602322303e-01,-1.064268217905302016e-01,3.449147265852211541e-01,1.910748613628087345e+00,7.004489609864021915e-01,6.253623794424152393e-01,1.892039996607529861e+00,1.403830740174651925e+00,7.343666524711189858e-02
-6.794021383579640361e-01,8.415267093563081335e-01,2.790559903441899969e+00,1.304712728578455438e-01,9.877347501896728277e-01,3.657514067597719132e-01,-6.591589436816067682e-01,8.702784198055062426e-01,5.778587321217634187e-01,2.129567515695505620e+00
5.278592154199556186e-01,1.425365736187011345e+00,7.872575330140922922e-01,9.749880550689735692e-01,1.048597312863596587e+00,-6.888411829181565471e-01,-2.341905193911677507e+00,-6.725600818429419148e-01,9.810514145252615670e-01,-3.904198177710380135e-01
1.788976200730388655e+00,1.006498036501284332e+00,3.162384155976243338e+00,7.611021083236122475e-01,1.072814482378081635e+00,2.624477362922386980e+00,6.897713992238987402e-01,-1.348513140466134352e-02,-6.740241355953342506e-01,4.508724709323786994e-01
3.457176394653411755e-01,-6.460780163488633043e-02,1.807224823177433493e-01,-5.759873206031325132e-01,1.939416308237692066e+00,2.241070132107437551e+00,3.800569679941560031e-01,1.252287016287487509e+00,3.123698473133905695e-01,1.283731702936504515e+00
2.244903010316904979e+00,-6.439150734496710271e-01,9.629504102687610478e-01,2.825751228025548123e+00,1.675237338381251551e+00,1.555280542465300453e+00,-2.459118580496033601e-02,1.523585326496383230e+00,-2.718541615402947365e-02,1.212779317859558059e+00
-2.922644178649811408e-01,2.581549828003120606e+00,2.963003992392191144e+00,1.204267478815429282e+00,1.785968524079985631e+00,1.703417615515006700e+00,1.504998510558029690e+00,-4.616296346032309206e-01,5.074424978126381713e-01,-1.202763227666799217e+00
3.856475263774036266e-01,1.292614140354810370e+00,4.597336291234607186e-01,-1.633957924153313090e-01,-1.132740692977919128e+00,1.458163339087800381e+00,1.040473113387421433e+00,2.866405596610507089e+00,1.346808315743272866e+00,2.251073008439012924e+00
1.241695211355152262e+00,-1.876085783223628844e-01,2.717503792746663649e+00,1.120609818645024180e+00,1.219929637208744699e+00,1.683983990193095526e+00,7.452697698054684405e-01,-1.149052030563167293e+00,1.829352475827662250e+00,3.024705017416552177e+00
1.549349147991791797e+00,2.075936736565605401e+00,1.819808281513016102e+00,-4.435183741539061586e-01,1.966285538729553917e+00,1.251289579561714049e+00,4.522640814685866539e-01,-6.352366589381210904e-01,1.155632564721137401e+00,9.611032846266538421e-01
-1.006962864115180434e+00,-8.938511578588673734e-01,-1.278137369190902373e+00,2.897189842185350361e-01,1.775485550165497861e-01,-8.568376066005535252e-01,1.248095144554164371e+00,7.364621815754543999e-01,-1.758825369139011219e+00,-6.900653632797968395e-01
1.467634317562714896e+00,-2.973716012676945741e-01,1.055520833742257691e+00,1.582346046046652521e+00,1.349994108352768230e+00,8.214961047005464589e-01,2.676593949729147326e+00,2.224019127017275110e+00,1.083713866167831830e+00,1.998583627036626176e+00
1.191457003009038784e+00,8.782297701692332037e-01,6.468746647850653897e-01,8.185345331749561693e-01,1.901815281675562908e+00,1.507725830227577113e+00,2.173002877013456846e+00,1.325174011474747449e+00,1.374616801727190696e+00,2.426663045137386066e-01
7.701950442333705960e-01,1.740771538878632452e+00,2.693149287046207263e+00,1.042009781635854448e+00,3.121188418323132208e+00,6.901008818274041445e-01,8.109386859648113344e-01,5.710869557756464987e-01,3.653202170212334288e+00,1.596145142022587393e+00
1.089026770604339722e+00,3.776469995418952480e-02,-5.845931012812390914e-01,1.165408251092153735e+00,1.532976848279838655e-01,4.839001765974646624e-02,2.809231853565080428e+00,-1.069960692800283386e+00,-1.480959575670387773e-01,-4.482207019290934680e-01
1.784874711621385890e+00,-3.635692881891572914e-01,-6.194056642334128115e-01,-9.087056163188821367e-01,-1.254324478316371616e+00,-6.648534028675835428e-01,-2.321848617756267497e-01,3.347151195261377499e-01,2.519417461753911125e-01,7.143763500996115345e-01
4.207831600768723312e-01,1.592823743776391465e-01,1.711050404980253070e+00,1.361841946052185781e+00,2.248586665229483916e+00,6.056297538852353224e-01,1.086572643131172189e+00,1.011596088754195044e+00,1.332713968274465532e+00,3.123217032169876894e+00
-3.037545201196113487e-01,1.495564824605610244e-01,5.353010458444832365e-01,2.405750372294523654e-01,-1.172800858308842953e+00,1.452741960989835102e+00,2.870321468933905718e-01,4.118825952551499192e-01,-6.103846258928349311e-01,-1.315731248283108945e+00
-8.696631493738126578e-03,-1.944518106162387072e+00,4.829870528932116991e-01,-6.540463351916232515e-01,-1.461441815077796358e+00,1.379845752144435167e+00,-4.646044898933599510e-01,1.541201875343934657e-01,7.609798102183827906e-01,6.271220952631515466e-01
5.066350265351636795e-01,1.523894894536520050e+00,1.084750834803831221e-01,1.274954538306716234e+00,-1.244287987106402538e+00,9.513641896969433909e-02,3.843177767122640254e-01,5.545706976703294044e-01,2.544295022503900161e-01,-1.331294843260683036e+00
1.480481177166825590e+00,6.505291962738417588e-01,3.672360633362055093e-01,1.853714622304829973e+00,-1.231857974478751672e-01,7.302614576689465675e-01,2.512560101284293523e+00,1.731318473404707348e+00,1.140770828436314943e+00,2.311725359435633287e+00
1.203251988685243745e+00,5.458101680634683817e-01,-3.402847256676143628e-01,-5.511906109359415717e-01,-1.550993753347635340e-01,-4.271270639839453986e-01,-3.798275233533129902e-01,-1.172845688456154001e+00,-1.528336769373822013e-01,-1.308481517596659371e-01
